No,Tanggal,Username,Link Post,Views,Like,Comment,Save,Share,Product,Approach,Content Type,Platform
1,2026-08-06,tiva3331,https://vt.tiktok.com/ZS4CSJfBR/,230471,135,13,21,4,Z Fold8 Ultra,CC,HQ Localized,Tiktok
2,2026-08-06,delia_isn,https://vt.tiktok.com/ZS4CkX5hJ/,18401,56,11,11,1,Z Fold8 Ultra,CC,HQ Localized,Tiktok
3,2026-08-06,devano_yak,https://vt.tiktok.com/ZS4XXYpCn/,71871,126,16,19,5,Z Fold8 Ultra,CC,HQ Localized,Tiktok
4,2026-08-06,diannll,https://vt.tiktok.com/ZS4XCgWCa/.,21729,66,11,22,0,"Z Fold8 Ultra, Fold8, Flip8",CC,HQ Localized,Tiktok
5,2026-08-06,rhesaagustin,https://vt.tiktok.com/ZS4XnVuaf/,546585,192,15,36,7,"Z Fold8 Ultra, Fold8, Flip8",CC,HQ Localized,Tiktok
6,2026-08-06,echaecha304,https://vt.tiktok.com/ZS4X7Bfat/,176130,75,11,13,0,"Z Fold8 Ultra, Fold8, Flip8",CC,HQ Localized,Tiktok
7,2026-08-06,riska_aul1,https://vt.tiktok.com/ZS4C2wpMB/,17586,53,14,19,0,"Z Fold8 Ultra, Fold8, Flip8",Telkomsel,HQ Localized,Tiktok
8,2026-08-06,bungasekar1,https://vt.tiktok.com/ZS4Xv44wJ/,17850,48,10,14,0,Z Fold8,Finance + ,HQ Localized,Tiktok
9,2026-08-06,budidamdam5,https://vt.tiktok.com/ZS4X3d3E4/,18541,51,8,18,1,Z Fold8,Telkomsel,HQ Localized,Tiktok
10,2026-08-06,selena.gina6,https://vt.tiktok.com/ZS4XTqGhr/,19123,59,9,17,0,Z Fold8 Ultra,Finance + ,HQ Localized,Tiktok
11,2026-08-06,amandazah5,https://vt.tiktok.com/ZS4XwVNbp/,17415,70,12,23,0,"Z Fold8 Ultra, Fold8, Flip8",Telkomsel,HQ Localized,Tiktok
12,2026-08-06,andromeda.arsan,https://vt.tiktok.com/ZS4XKonhN/,29410,71,12,11,0,"Z Fold8 Ultra, Fold8, Flip8",CC,HQ Localized,Tiktok
13,2026-08-06,caca_aull1,https://vt.tiktok.com/ZS4CSS1Cw/,160388,109,13,21,0,Z Fold8,CC,HQ Localized,Tiktok
14,2026-08-06,senja.nan.teduh,https://vt.tiktok.com/ZS4XEG5nf/,30624,60,17,10,0,"Z Fold8 Ultra, Fold8, Flip8",CC,HQ Localized,Tiktok
15,2026-08-06,baby_naaaj,https://vt.tiktok.com/ZS44S19fJ/,17400,9,0,0,1,Z Fold8,CC,Clippers,Tiktok
16,2026-08-06,itssmmi_kha,https://vt.tiktok.com/ZS444684P/,37332,21,0,0,1,Z Fold8,CC,AI,Tiktok
17,2026-08-06,yono2a,https://vt.tiktok.com/ZS44XkVtg/,17200,0,0,0,0,Z Fold8,CC,AI,Tiktok
18,2026-08-06,zoe_elluna,https://vt.tiktok.com/ZS44VKjU6/,181911,24,1,5,0,Z Fold8,CC,AI,Tiktok
19,2026-08-06,dapurmamaqeenan,https://vt.tiktok.com/ZS44bFAsx/,17439,6,0,3,0,Z Fold8,CC,AI,Tiktok
20,2026-08-06,wulandariratna94,https://vt.tiktok.com/ZS44HwdxW/,13661,16,0,1,0,Z Fold8,CC,Clippers,Tiktok
21,2026-08-06,fatiya.zean,https://vt.tiktok.com/ZS444HuYQ/,34909,17,0,0,0,Z Fold8,CC,Clippers,Tiktok
22,2026-08-06,hilyazujaj,https://vt.tiktok.com/ZS4VfYMEn/,11483,5,0,0,1,Z Fold8,CC,AI,Tiktok
23,2026-08-06,zeya_ahmad,https://vt.tiktok.com/ZS4VyYRfW/,613360,221,2,22,15,Z Fold8,CC,AI,Tiktok
24,2026-08-06,uswa_zain,https://vt.tiktok.com/ZS4VfgMTv/,6310,14,0,1,1,Z Fold8,CC,AI,Tiktok
25,2026-08-06,safana_humaira,https://vt.tiktok.com/ZS4GrNGjR/,9556,14,0,0,0,Z Fold8,CC,AI,Tiktok
26,2026-08-06,Wendy Kurnia,https://youtube.com/shorts/0vA3I_Vpw4s?si=qksot4BBTLMD4EpL,1558,13,0,0,0,Z Fold8 Ultra,CTA PO Only,HQ Localized,Youtube
27,2026-08-06,dede cantika,https://youtube.com/shorts/D_2nbFjUR0o?si=Rkpn9hAchy_zQXa-,1210,10,0,0,0,Z Fold8 Ultra,CTA PO Only,HQ Localized,Youtube
28,2026-08-06,Additya F,https://youtube.com/shorts/MdQI5TJSXDM?si=66A-skOt_DnmEoFf,1568,8,0,0,0,Z Fold8 Ultra,CC,HQ Localized,Youtube
29,2026-08-06,Aditya Fernanda,https://youtube.com/shorts/OQ3NFhrRAtk?si=Sz2OvwjoOqmtE59Y,380,3,0,0,0,"Z Fold8 Ultra, Fold8, Flip8",CC,HQ Localized,Youtube
30,2026-08-06,Addit Verrel,https://youtube.com/shorts/i78xMULaHQc?si=IXQXSLSnEMZhG-7D,426,1,0,0,0,"Z Fold8 Ultra, Fold8, Flip8",CC,HQ Localized,Youtube
31,2026-08-06,nontoninapa,https://youtube.com/shorts/d9FReyGYIR4?si=SO030IR4Im-l3scL,888,3,0,0,0,"Z Fold8 Ultra, Fold8, Flip8",Telkomsel,HQ Localized,Youtube
32,2026-08-06,Opal Kecol,https://youtube.com/shorts/9XUrrpCxPtc?si=FL-_O6LvtozFTFsc,213,1,0,0,0,"Z Fold8 Ultra, Fold8, Flip8",CTA PO Only,HQ Localized,Youtube
33,2026-08-06,Link Baru,https://youtube.com/shorts/aWr8DG6u3Po?si=wUzrqLzXbKk3IlTx,1850,13,0,0,0,Z Fold8,Telkomsel,HQ Localized,Youtube
34,2026-08-06,showcaseinsaja.1,https://youtube.com/shorts/kf4y10GhFNc?si=frVo7AqW2_HJ6vhG,1690,7,0,0,0,Z Fold8 Ultra,Finance + ,HQ Localized,Youtube
35,2026-08-06,Link Baru,https://youtube.com/shorts/suz43kqofao?si=0m9g1WQUemvqKho1,406,1,0,0,0,"Z Fold8 Ultra, Fold8, Flip8",Telkomsel,HQ Localized,Youtube
36,2026-08-06,Abdul Wahab,https://youtube.com/shorts/DB6vEO1ZXek?feature=share,865,0,0,0,0,"Z Fold8 Ultra, Fold8, Flip8",Telkomsel,HQ Localized,Youtube
37,2026-08-06,Melly Swallow,https://youtube.com/shorts/76oH1tuSETw?si=vKGv-EovqKdqiLqw,453,1,0,0,0,"Z Fold8 Ultra, Fold8, Flip8",CC,HQ Localized,Youtube
38,2026-08-06,Aan,https://youtube.com/shorts/aZKalLBwdpc?feature=share,1027,6,0,0,0,"Z Fold8 Ultra, Fold8, Flip8",CC,HQ Localized,Youtube
39,2026-08-06,Febryanjaya,https://youtube.com/shorts/prQbZyuy3_8?si=oTH4Hae-q9rFLDnN,270,1,0,0,0,Z Fold8,CC,AI,Youtube
40,2026-08-06,RahmanSasetya,https://youtube.com/shorts/RKzPiGAN-80?si=_8F7VjK7zFkB7Q2m,1212,6,0,0,0,Z Fold8,CC,AI,Youtube
41,2026-08-06,GalangAdijayaa,https://youtube.com/shorts/kYA9kxOcnzA?si=-ruqggbhwdlRIXvF,759,0,0,0,0,Z Fold8,CC,Clippers,Youtube
42,2026-08-06,anjassmara,https://youtube.com/shorts/FiUvrSU_XuI?si=B3gI1MQHTrG2tkUy,750,2,0,0,0,Z Fold8,CC,AI,Youtube
43,2026-08-06,Hasanfadlan,https://youtube.com/shorts/Dyd4DLeUF4w?si=HAR38W-JMGp5cqrJ,705,1,0,0,0,Z Fold8,CC,AI,Youtube
44,2026-08-06,alexsandi,https://youtube.com/shorts/0YUTeH-xerA?si=AEzqpfXcDbt_2gtj,815,8,0,0,0,Z Fold8,CC,AI,Youtube
45,2026-08-06,Soesanto Ari,https://youtube.com/shorts/8DoyopMHkqM?si=ub949MMtB6yWprG2,266,3,0,0,0,Z Fold8,CC,Clippers,Youtube
46,2026-08-06,Febry Budi,https://youtube.com/shorts/xTAKETfa0hc?si=_iZ-7eVsJ-PqI2HA,641,2,0,0,0,Z Fold8,CC,Clippers,Youtube
47,2026-08-06,Yogi Bagus Bramanto,https://youtube.com/shorts/A_-SALwdXps?si=fwAYxCm0HIN9ow1u,202,1,0,0,0,Z Fold8,CC,AI,Youtube
48,2026-08-06,Andre Sugahar,https://youtube.com/shorts/LqH_tp_HouI?si=Fp7o_Lt_TKWYU7Oj,219,0,0,0,0,Z Fold8,CC,Clippers,Youtube
49,2026-08-06,Ramaramadan,https://youtube.com/shorts/C6V8RzKVbUk?si=tL1L9hrzCtBIt3GZ,1073,1,0,0,0,Z Fold8,CC,Clippers,Youtube
50,2026-08-06,Dasyaabraham,https://youtube.com/shorts/_TO-w05QDCA?si=pC_Of97jEcJpI7tH,1288,11,0,0,0,Z Fold8,CC,Clippers,Youtube
51,2026-08-07,royale_princes,https://vt.tiktok.com/ZS4VBoD21/,11802,20,0,1,0,Z Fold8,CC,Clippers,Tiktok
52,2026-08-07,amyarka341,https://vt.tiktok.com/ZS4VSudHH/,22189,38,0,0,0,Z Fold8,CC,Clippers,Tiktok
53,2026-08-07,astronot_8,https://vt.tiktok.com/ZS4VSq2We/,18723,20,0,0,1,Z Fold8,CC,Clippers,Tiktok
54,2026-08-07,laura_anna121,https://vt.tiktok.com/ZS4VAPTYC/,12422,33,0,0,0,Z Fold8,CC,Clippers,Tiktok
55,2026-08-07,meili343,https://vt.tiktok.com/ZS4VB7kwT/,28195,18,0,4,0,Z Fold8,CC,Clippers,Tiktok
56,2026-08-07,lilik_rose2,https://vt.tiktok.com/ZS4VB3Boa/,43463,40,0,5,0,Z Fold8,CC,Clippers,Tiktok
57,2026-08-07,nataliarose27,https://vt.tiktok.com/ZS4VSjC6c/,29290,31,0,3,0,Z Fold8,CC,Clippers,Tiktok
58,2026-08-07,lelylubung,https://vt.tiktok.com/ZS4VBtxCF/,12382,30,0,3,0,Z Fold8,CC,Clippers,Tiktok
59,2026-08-07,rik4dika,https://vt.tiktok.com/ZS4VBBFc1/,11125,19,0,2,1,Z Fold8,CC,Clippers,Tiktok
60,2026-08-07,elcipa40,https://vt.tiktok.com/ZS4VUAmuP/,10289,15,0,1,0,Z Fold8,CC,Clippers,Tiktok
61,2026-08-07,dedemardiana635,https://vt.tiktok.com/ZS4VUB8fL/,14993,11,0,2,1,Z Fold8,CC,Clippers,Tiktok
62,2026-08-07,dedemardiana7,https://vt.tiktok.com/ZS4VPVvwf/,27261,29,0,4,2,Z Fold8,CC,Clippers,Tiktok
63,2026-08-07,nandariflul5,https://vt.tiktok.com/ZS4VUm3ed/,13372,36,0,1,3,Z Fold8,CC,Clippers,Tiktok
64,2026-08-07,minantidiah,https://vt.tiktok.com/ZS4VySJML/,12575,36,4,0,0,Z Fold8,CC,Clippers,Tiktok
65,2026-08-07,aqyudhit,https://vt.tiktok.com/ZS4VDJMbt/,29978,44,5,0,0,Z Fold8,CC,Clippers,Tiktok
66,2026-08-07,kanthari.nataru,https://vt.tiktok.com/ZS4VAxEJT/,17485,44,6,4,9,Z Fold8,CC,Clippers,Tiktok
67,2026-08-07,syahdianaja,https://vt.tiktok.com/ZS4VDNgb2/,25387,26,3,2,0,Z Fold8,CC,Clippers,Tiktok
68,2026-08-07,saparinna,https://vt.tiktok.com/ZS4VDKB1p/,21833,65,1,2,0,Z Fold8,CC,Clippers,Tiktok
69,2026-08-07,pilihajadian,https://vt.tiktok.com/ZS4VURWnS/,28261,28,5,4,0,Z Fold8,CC,Clippers,Tiktok
70,2026-08-07,papibasukirahmat,https://vt.tiktok.com/ZS4VBQdeb/,14101,36,4,3,0,Z Fold8,CC,Clippers,Tiktok
71,2026-08-07,erminata14,https://vt.tiktok.com/ZS4VSkJR5/,15793,56,2,4,0,Z Fold8,CC,Clippers,Tiktok
72,2026-08-07,suyousumsel5,https://vt.tiktok.com/ZS4VSgHNU/,14840,44,3,2,0,Z Fold8,CC,Clippers,Tiktok
73,2026-08-07,muhammedneremy38,https://vt.tiktok.com/ZS4VSWvWd/,28951,44,2,4,2,Z Fold8,Telkomsel,Clippers,Tiktok
74,2026-08-07,ana13mardiana,https://vt.tiktok.com/ZS4VAS6w9/,14741,57,1,3,0,Z Fold8,Telkomsel,Clippers,Tiktok
75,2026-08-07,adind4225,https://vt.tiktok.com/ZS4VDFJpU/,17379,47,4,0,0,Z Fold8,Telkomsel,Clippers,Tiktok
76,2026-08-07,findaalsava8,https://vt.tiktok.com/ZS4VDCbN8/,20225,48,4,3,0,Z Fold8,Telkomsel,Clippers,Tiktok
77,2026-08-07,istiqomahprasetyowati,https://vt.tiktok.com/ZS4VDbnft/,20930,54,4,2,11,Z Fold8,Telkomsel,Clippers,Tiktok
78,2026-08-07,setiarifawan,https://vt.tiktok.com/ZS4VUu6gx/,70480,30,3,6,18,Z Fold8,Telkomsel,Clippers,Tiktok
79,2026-08-07,soyou9569,https://vt.tiktok.com/ZS4VAgWPF/,10142,55,1,2,0,Z Fold8,Telkomsel,Clippers,Tiktok
80,2026-08-07,aracantik1015,https://vt.tiktok.com/ZS4VDJ1VC/,11019,43,4,3,2,Z Fold8,Telkomsel,Clippers,Tiktok
81,2026-08-07,srirahayu3883,https://vt.tiktok.com/ZS4VD4Mfr/,10023,19,4,0,0,Z Fold8,Telkomsel,Clippers,Tiktok
82,2026-08-07,nuradharini1,https://vt.tiktok.com/ZS4VUehhY/,10323,13,4,1,0,Z Fold8,Telkomsel,Clippers,Tiktok
83,2026-08-07,beby_rania11,https://vt.tiktok.com/ZS4VUfwXB/,10486,45,3,2,1,Z Fold8,Telkomsel,Clippers,Tiktok
84,2026-08-07,fannyvat,https://vt.tiktok.com/ZS4VSNVj8/,55409,32,2,3,2,Z Fold8,Telkomsel,Clippers,Tiktok
85,2026-08-07,foxypie,https://vt.tiktok.com/ZS4VAeupC/,33765,33,4,3,1,Z Fold8,Telkomsel,Clippers,Tiktok
86,2026-08-07,itsfreyaa10,https://vt.tiktok.com/ZS4VAuFh4/,9966,33,5,0,1,Z Fold8,Telkomsel,Clippers,Tiktok
87,2026-08-07,ayhusohar8,https://vt.tiktok.com/ZS4VDL9mV/,10554,16,3,1,0,Z Fold8,Telkomsel,Clippers,Tiktok
88,2026-08-07,zaylenz00,https://vt.tiktok.com/ZS4VATvUC/,11360,25,4,1,0,Z Fold8,Telkomsel,Clippers,Tiktok
89,2026-08-07,julieteuy,https://vt.tiktok.com/ZS4VDHRkV/,12988,32,2,1,1,Z Fold8,Telkomsel,Clippers,Tiktok
90,2026-08-07,dhytaryu,https://vt.tiktok.com/ZS4VSNBoV/,12697,22,5,3,0,Z Fold8,Telkomsel,Clippers,Tiktok
91,2026-08-07,pujiann87,https://vt.tiktok.com/ZS4VSbb2t/,10047,46,5,1,0,Z Fold8 Ultra,Telkomsel,Clippers,Tiktok
92,2026-08-07,elegy4516,https://vt.tiktok.com/ZS4VA2pRK/,95945,71,2,8,1,Z Fold8 Ultra,Telkomsel,Clippers,Tiktok
93,2026-08-07,littlezeejr,https://vt.tiktok.com/ZS4VBqMFs/,9860,16,3,0,0,Z Fold8 Ultra,Telkomsel,Clippers,Tiktok
94,2026-08-07,budi.ismail32,https://vt.tiktok.com/ZS4VfrFps/,14177,44,3,0,0,Z Fold8 Ultra,Telkomsel,Clippers,Tiktok
95,2026-08-07,diana.hermina3,https://vt.tiktok.com/ZS4VUpRVV/,13278,38,3,2,0,Z Fold8 Ultra,Telkomsel,Clippers,Tiktok
96,2026-08-07,riansibahudinn,https://vt.tiktok.com/ZS4VfFeBT/,10687,20,4,3,0,Z Fold8 Ultra,Telkomsel,Clippers,Tiktok
97,2026-08-07,indra.mustafa03,https://vt.tiktok.com/ZS4VDcbY8/,16026,9,2,2,1,Z Fold8 Ultra,Finance + ,Clippers,Tiktok
98,2026-08-07,indah.manaka,https://vt.tiktok.com/ZS4VD9YFb/,10134,51,4,4,0,Z Fold8 Ultra,Finance + ,Clippers,Tiktok
99,2026-08-07,kusuma.manantra,https://vt.tiktok.com/ZS4VUwJcA/,23501,23,3,0,15,Z Fold8 Ultra,Finance + ,Clippers,Tiktok
100,2026-08-07,alvin.setiadi5,https://vt.tiktok.com/ZS4VyN34L/,27780,39,2,1,0,Z Fold8 Ultra,Finance + ,Clippers,Tiktok
101,2026-08-07,yun.ayun04,https://vt.tiktok.com/ZS4VUrxxy/,14873,54,3,1,0,Z Fold8 Ultra,Finance + ,Clippers,Tiktok
102,2026-08-07,iwan.septiawan73,https://vt.tiktok.com/ZS4VfqA2n/,31793,36,4,2,1,Z Fold8 Ultra,Finance + ,Clippers,Tiktok
103,2026-08-07,sasantonugroho,https://vt.tiktok.com/ZS4VfpMWx/,12873,47,3,2,0,Z Fold8 Ultra,Finance + ,Clippers,Tiktok
104,2026-08-07,indah.indih55,https://vt.tiktok.com/ZS4VfvEgo/,32914,35,2,5,4,Z Fold8 Ultra,Finance + ,Clippers,Tiktok
105,2026-08-07,dodit.setiawan51,https://vt.tiktok.com/ZS4VfEUoH/,49413,39,2,3,2,Z Fold8 Ultra,Finance + ,Clippers,Tiktok
106,2026-08-07,isna.amanah1,https://vt.tiktok.com/ZS4VPDCHR/,12518,18,4,3,0,Z Fold8 Ultra,Finance + ,Clippers,Tiktok
107,2026-08-07,nurhalimah4333,https://vt.tiktok.com/ZS4V5d6r2/,13328,20,4,1,0,Z Fold8 Ultra,Finance + ,Clippers,Tiktok
108,2026-08-07,usep.munandir,https://vt.tiktok.com/ZS4VPxFsu/,107740,90,3,11,11,Z Fold8 Ultra,Finance + ,Clippers,Tiktok
109,2026-08-07,nuralanur,https://vt.tiktok.com/ZS473YabY/,49604,119,1,24,2,Z Fold8,CC,Clippers,Tiktok
110,2026-08-07,kakaklimis,https://www.tiktok.com/@kakaklimis/video/7672578905076780306,49604,119,1,24,2,Z Fold8,CC,Clippers,Tiktok
111,2026-08-07,kakaklimis,https://vt.tiktok.com/ZS4vAEqtP/,26276,97,0,17,0,Z Fold8,CC,Clippers,Tiktok
112,2026-08-07,azziigemoy,https://vt.tiktok.com/ZS4vD8Ues/,5660,82,0,18,0,Z Fold8,CC,Clippers,Tiktok
113,2026-08-07,azziigemoy,https://vt.tiktok.com/ZS4vDMvgj/,206836,81,1,23,1,Z Fold8,CC,Clippers,Tiktok
114,2026-08-07,bagasjaya,https://vt.tiktok.com/ZS4vDELgD/,13985,97,0,6,0,Z Fold8,CC,Clippers,Tiktok
115,2026-08-07,bagasjaya,https://vt.tiktok.com/ZS4vU14Px/,13955,84,0,15,0,Z Fold8,CC,Clippers,Tiktok
116,2026-08-07,donoki,https://vt.tiktok.com/ZS4vUxBAg/,16129,99,0,12,0,Z Fold8,CC,Clippers,Tiktok
117,2026-08-07,donoki,https://vt.tiktok.com/ZS4vUCcps/,18007,7,0,1,2,Z Fold8,CC,Clippers,Tiktok
118,2026-08-07,panipastibisa,https://vt.tiktok.com/ZS4vyN1rG/,77039,61,0,15,0,Z Fold8,CC,Clippers,Tiktok
119,2026-08-07,panipastibisa,https://vt.tiktok.com/ZS4vyu7f1/,11995,85,0,6,0,Z Fold8,CC,Clippers,Tiktok
120,2026-08-07,panipastibisa,https://vt.tiktok.com/ZS4vypd5w/,533792,341,3,4,8,Z Fold8,CC,Clippers,Tiktok
121,2026-08-07,armujilaskar,https://vt.tiktok.com/ZS4vfMn9B/,16933,89,0,13,0,Z Fold8,CC,Clippers,Tiktok
122,2026-08-07,armujilaskar,https://vt.tiktok.com/ZS4vfsRmN/,17950,104,0,16,1,Z Fold8,CC,Clippers,Tiktok
123,2026-08-07,armujilaskar,https://vt.tiktok.com/ZS4vPkyCv/,16014,88,0,14,1,Z Fold8,CC,Clippers,Tiktok
124,2026-08-07,kakaklimis,https://vt.tiktok.com/ZS4vfoCkt/,12101,22,2,6,0,Z Fold8,CC,Clippers,Tiktok
125,2026-08-07,danar.ramanda,https://vt.tiktok.com/ZS4vPCyhc/,193741,76,0,23,1,Z Fold8,CC,Clippers,Tiktok
126,2026-08-07,danar.ramanda,https://vt.tiktok.com/ZS4vPuAYq/,13899,97,0,17,0,Z Fold8,CC,Clippers,Tiktok
127,2026-08-07,danar.ramanda,https://vt.tiktok.com/ZS4v5JGuu/,6038,84,0,13,0,Z Fold8,CC,Clippers,Tiktok
128,2026-08-07,rammramaa,https://vt.tiktok.com/ZS4v5RNMR/,12763,46,0,16,0,Z Fold8,CC,Clippers,Tiktok
129,2026-08-07,rammramaa,https://vt.tiktok.com/ZS4v5kd6r/,14939,47,0,19,3,Z Fold8,CC,Clippers,Tiktok
130,2026-08-07,rammramaa,https://vt.tiktok.com/ZS4v5mUk9/,21282,99,0,16,0,Z Fold8,CC,Clippers,Tiktok
131,2026-08-07,dimasandrakecil,https://vt.tiktok.com/ZS4va8C5E/,560647,396,3,40,23,Z Fold8,Telkomsel,Clippers,Tiktok
132,2026-08-07,dimasandrakecil,https://vt.tiktok.com/ZS4vaNNUS/,18579,100,0,17,2,Z Fold8,Telkomsel,Clippers,Tiktok
133,2026-08-07,dimasandrakecil,https://vt.tiktok.com/ZS4vaBGD5/,24691,80,0,14,0,Z Fold8,Telkomsel,Clippers,Tiktok
134,2026-08-07,fernando.risky,https://vt.tiktok.com/ZS4varx4Y/,26342,100,0,4,0,Z Fold8,Telkomsel,Clippers,Tiktok
135,2026-08-07,fernando.risky,https://vt.tiktok.com/ZS4vaXpgA/,416054,168,3,21,4,Z Fold8,Telkomsel,Clippers,Tiktok
136,2026-08-07,fernando.risky,https://www.tiktok.com/@fernando.riskky/video/7672634062657309960,26342,100,0,4,0,Z Fold8,Telkomsel,Clippers,Tiktok
137,2026-08-07,fernando.risky,https://www.tiktok.com/@fernando.riskky/video/7672634361589681415,388300,168,3,2,4,Z Fold8,Telkomsel,Clippers,Tiktok
138,2026-08-07,renandar,https://vt.tiktok.com/ZS4veV8Aq/,24464,96,0,15,1,Z Fold8,Telkomsel,Clippers,Tiktok
139,2026-08-07,renandar,https://vt.tiktok.com/ZS4vdvff4/,27143,108,0,8,0,Z Fold8,Telkomsel,Clippers,Tiktok
140,2026-08-07,renandar,https://vt.tiktok.com/ZS4vR9faG/,20208,13,0,5,0,Z Fold8,Telkomsel,Clippers,Tiktok
141,2026-08-07,bagusmohak,https://vt.tiktok.com/ZS4vFMQCU/,36389,57,0,11,1,Z Fold8,Telkomsel,Clippers,Tiktok
142,2026-08-07,bagusmohak,https://vt.tiktok.com/ZS4vFgMnt/,30434,110,0,5,1,Z Fold8,Telkomsel,Clippers,Tiktok
143,2026-08-07,bagusmohak,https://vt.tiktok.com/ZS4vFco6L/,242031,172,2,17,2,Z Fold8,Telkomsel,Clippers,Tiktok
144,2026-08-07,abidganteng,https://vt.tiktok.com/ZS4vYxWHQ/,45611,104,0,9,3,Z Fold8,Telkomsel,Clippers,Tiktok
145,2026-08-07,abidganteng,https://vt.tiktok.com/ZS4v2Umdv/,195845,126,1,25,2,Z Fold8,Telkomsel,Clippers,Tiktok
146,2026-08-07,abidganteng,https://vt.tiktok.com/ZS4v2eTpq/,355491,151,0,21,3,Z Fold8,Telkomsel,Clippers,Tiktok
147,2026-08-07,dikaklimis,https://vt.tiktok.com/ZS4v2WM1V/,62394,91,0,17,3,Z Fold8,Telkomsel,Clippers,Tiktok
148,2026-08-07,dikaklimis,https://vt.tiktok.com/ZS4vjj2N9/,21781,96,0,4,3,Z Fold8 Ultra,Telkomsel,Clippers,Tiktok
149,2026-08-07,dikaklimis,https://vt.tiktok.com/ZS4vjfyMg/,13975,90,0,23,0,Z Fold8 Ultra,Telkomsel,Clippers,Tiktok
150,2026-08-07,riobondanprasetyo,https://vt.tiktok.com/ZS4vjbr2P/,12502,92,0,7,0,Z Fold8 Ultra,Telkomsel,Clippers,Tiktok
151,2026-08-07,riobondanprasetyo,https://vt.tiktok.com/ZS4v6rCK2/,14428,96,0,7,0,Z Fold8 Ultra,Telkomsel,Clippers,Tiktok
152,2026-08-07,riobondanprasetyo,https://vt.tiktok.com/ZS4v6ntX4/,12582,86,0,6,0,Z Fold8 Ultra,Telkomsel,Clippers,Tiktok
153,2026-08-07,liandrasaja,https://vt.tiktok.com/ZS4vM2eNe/,12938,81,0,16,0,Z Fold8 Ultra,Telkomsel,Clippers,Tiktok
154,2026-08-07,liandrasaja,https://vt.tiktok.com/ZS4vMNrFg/,12016,91,0,17,0,Z Fold8 Ultra,Finance + ,Clippers,Tiktok
155,2026-08-07,liandrasaja,https://vt.tiktok.com/ZS4vMueJv/,16126,57,0,19,0,Z Fold8 Ultra,Finance + ,Clippers,Tiktok
156,2026-08-07,erlangga,https://vt.tiktok.com/ZS4vM7w3K/,80649,66,0,20,0,Z Fold8 Ultra,Finance + ,Clippers,Tiktok
157,2026-08-07,erlangga,https://vt.tiktok.com/ZS4vrBFgn/,131876,152,0,15,7,Z Fold8 Ultra,Finance + ,Clippers,Tiktok
158,2026-08-07,erlangga,https://vt.tiktok.com/ZS4vrsQaE/,438927,273,0,34,5,Z Fold8 Ultra,Finance + ,Clippers,Tiktok
159,2026-08-07,krisnadwiaksana,https://vt.tiktok.com/ZS4vh64XB/,71750,69,0,12,1,Z Fold8 Ultra,Finance + ,Clippers,Tiktok
160,2026-08-07,hermatya,https://vt.tiktok.com/ZS4v1325K/,14118,90,0,13,0,Z Fold8 Ultra,Finance + ,Clippers,Tiktok
161,2026-08-07,hermatya,https://vt.tiktok.com/ZS4v1vy2D/,16230,76,0,14,0,Z Fold8 Ultra,Finance + ,Clippers,Tiktok
162,2026-08-07,hermatya,https://vt.tiktok.com/ZS4vJ1fMd/,13939,81,0,14,0,Z Fold8 Ultra,Finance + ,Clippers,Tiktok
163,2026-08-07,dani.sindu,https://vt.tiktok.com/ZS4vJbYFp/,15900,91,0,19,0,Z Fold8 Ultra,Finance + ,Clippers,Tiktok
164,2026-08-07,dani.sindu,https://vt.tiktok.com/ZS4vJXLoA/,575685,263,1,33,19,Z Fold8 Ultra,Finance + ,Clippers,Tiktok
165,2026-08-07,dani.sindu,https://vt.tiktok.com/ZS4ve13CT/,44900,31,0,5,7,Z Fold8 Ultra,Finance + ,Clippers,Tiktok
166,2026-08-08,floren.dian,https://vt.tiktok.com/ZS4bYREgG/,35100,32,3,2,0,Z Fold8,Finance + ,Clippers,Tiktok
167,2026-08-08,markusf3ri,https://vt.tiktok.com/ZS4bj4uPP/,5675,30,2,0,0,Z Fold8,Finance + ,Clippers,Tiktok
168,2026-08-08,ann3tte90,https://vt.tiktok.com/ZS4bYEWx2/,59429,56,2,3,4,Z Fold8,Finance + ,Clippers,Tiktok
169,2026-08-08,violin253,https://vt.tiktok.com/ZS4b28mfX/,2086,30,3,3,0,Z Fold8,Finance + ,Clippers,Tiktok
170,2026-08-08,ronaldoscar36,https://vt.tiktok.com/ZS4b2hBx3/,15300,47,2,2,0,Z Fold8,Finance + ,Clippers,Tiktok
171,2026-08-08,nonkhamil,https://vt.tiktok.com/ZS4bBthAX/,91600,90,2,18,2,Z Fold8,Finance + ,Clippers,Tiktok
172,2026-08-08,lunaalosw2,https://vt.tiktok.com/ZS4bSpWWE/,9736,46,3,1,0,Z Fold8,Finance + ,Clippers,Tiktok
173,2026-08-08,gaguar6,https://vt.tiktok.com/ZS4bSWxqe/,8078,21,4,1,0,Z Fold8,Finance + ,Clippers,Tiktok
174,2026-08-08,jaynerubby,https://vt.tiktok.com/ZS4bADuGA/,7255,34,3,3,0,Z Fold8,Finance + ,Clippers,Tiktok
175,2026-08-08,mynamecillae,https://vt.tiktok.com/ZS4bDBFb2/,5934,31,3,3,0,Z Fold8,Finance + ,Clippers,Tiktok
176,2026-08-08,liliput5394,https://vt.tiktok.com/ZS4bSV8Tj/,5640,36,0,5,0,Z Fold8,Finance + ,Clippers,Tiktok
177,2026-08-08,anayawhite0,https://vt.tiktok.com/ZS4bS7N5c/,5045,1,3,1,0,Z Fold8,Finance + ,Clippers,Tiktok
178,2026-08-08,sweetazura1,https://vt.tiktok.com/ZS4bAocXG/,6817,18,3,2,0,Z Fold8,CC,Clippers,Tiktok
179,2026-08-08,irna9282,https://vt.tiktok.com/ZS4bkRDrQ/,35137,52,0,5,0,Z Fold8,CC,Clippers,Tiktok
180,2026-08-08,queen.kamari42,https://vt.tiktok.com/ZS4bP8v1u/,5454,8,3,0,0,Z Fold8,CC,Clippers,Tiktok
181,2026-08-08,pilihgw,https://vt.tiktok.com/ZS4bPN3oC/,339717,156,3,12,14,Z Fold8,CC,Clippers,Tiktok
182,2026-08-08,rinarealieu,https://vt.tiktok.com/ZS4bPBEW4/,312291,132,1,16,4,Z Fold8,CC,Clippers,Tiktok
183,2026-08-08,nita4ja,https://vt.tiktok.com/ZS4baWJa2/,7460,16,1,2,0,Z Fold8,CC,Clippers,Tiktok
184,2026-08-08,nitabaw3l,https://vt.tiktok.com/ZS4bfEGPC/,49500,29,3,5,2,Z Fold8,CC,Clippers,Tiktok
185,2026-08-08,yuan4ja,https://vt.tiktok.com/ZS4bPs9uB/,402269,187,3,19,2,Z Fold8,CC,Clippers,Tiktok
186,2026-08-08,afdabtr,https://vt.tiktok.com/ZS4bFg7ft/,113020,48,4,7,2,Z Fold8,CC,Clippers,Tiktok
187,2026-08-08,airinmdl,https://vt.tiktok.com/ZS4bY2uVU/,32106,33,3,3,1,Z Fold8,CC,Clippers,Tiktok
188,2026-08-08,arsenyuda,https://vt.tiktok.com/ZS4b2hYkA/,12900,40,1,1,0,Z Fold8,CC,Clippers,Tiktok
189,2026-08-08,bellaptrnto,https://vt.tiktok.com/ZS4bjk98d/,3315,13,3,0,0,Z Fold8,CC,Clippers,Tiktok
190,2026-08-08,bikobw,https://vt.tiktok.com/ZS4bjc6nb/,10949,8,3,0,0,Z Fold8,CC,Clippers,Tiktok
191,2026-08-08,cintabungaa8,https://vt.tiktok.com/ZS4b29Wj2/,14600,53,3,0,0,Z Fold8,CC,Clippers,Tiktok
192,2026-08-08,dindadinaa6,https://vt.tiktok.com/ZS4b6whB5/,412350,283,4,32,18,Z Fold8,CC,Clippers,Tiktok
193,2026-08-08,nova.naya4,https://vt.tiktok.com/ZS4bUYLen/,242636,89,3,9,3,Z Fold8,CC,Clippers,Tiktok
194,2026-08-08,febria605,https://vt.tiktok.com/ZS4bU7CB8/,10224,13,0,0,0,Z Fold8,CC,Clippers,Tiktok
195,2026-08-08,oktafiani618,https://vt.tiktok.com/ZS4byFPQh/,9260,40,4,0,0,Z Fold8,CC,Clippers,Tiktok
196,2026-08-08,ipa.jogja,https://vt.tiktok.com/ZS4b629cu/,12800,14,4,3,0,Z Fold8,CC,Clippers,Tiktok
197,2026-08-08,selfhealing217,https://vt.tiktok.com/ZS4bMr1AL/,535163,239,5,18,10,Z Fold8,CC,Clippers,Tiktok
198,2026-08-08,ruangambyar_,https://vt.tiktok.com/ZS4bBdvw7/,14100,36,2,4,1,Z Fold8,CC,Clippers,Tiktok
199,2026-08-08,rafiqeri,https://vt.tiktok.com/ZS4bDfyR2/,7435,27,2,2,0,Z Fold8,CC,Clippers,Tiktok
200,2026-08-08,yejires.amanda,https://vt.tiktok.com/ZS4bARxYu/,431997,166,4,18,5,Z Fold8,CC,Clippers,Tiktok
201,2026-08-08,urvijunior,https://vt.tiktok.com/ZS4bM5CND/,5899,19,3,0,0,Z Fold8,CC,Clippers,Tiktok
202,2026-08-08,vizkoman,https://vt.tiktok.com/ZS4bh6eyr/,7854,23,4,0,3,Z Fold8,Telkomsel,Clippers,Tiktok
203,2026-08-08,oyabarata,https://vt.tiktok.com/ZS4bhWA1E/,5670,28,1,1,0,Z Fold8,Telkomsel,Clippers,Tiktok
204,2026-08-08,wayanwc,https://vt.tiktok.com/ZS4bksqU5/,9558,14,2,0,0,Z Fold8,Telkomsel,Clippers,Tiktok
205,2026-08-08,zeanmp,https://vt.tiktok.com/ZS4bSBNnk/,89200,86,4,8,6,Z Fold8,Telkomsel,Clippers,Tiktok
206,2026-08-08,yudis.zaki,https://vt.tiktok.com/ZS4bhbyUe/,8151,13,0,1,0,Z Fold8,Telkomsel,Clippers,Tiktok
207,2026-08-08,kinandari753,https://vt.tiktok.com/ZS4bUHr4K/,11277,14,0,0,0,Z Fold8,Telkomsel,Clippers,Tiktok
208,2026-08-08,zeewii,https://vt.tiktok.com/ZS4b2bmRa/,465227,249,1,25,4,Z Fold8 Ultra,Telkomsel,Clippers,Tiktok
209,2026-08-08,alesya076,https://vt.tiktok.com/ZS4bYqudv/,7387,27,0,1,0,Z Fold8 Ultra,Telkomsel,Clippers,Tiktok
210,2026-08-08,deeziput,https://vt.tiktok.com/ZS4brbxCM/,24000,42,0,2,0,Z Fold8 Ultra,Telkomsel,Clippers,Tiktok
211,2026-08-08,aldypratama071,https://vt.tiktok.com/ZS4bY8h3k/,80400,58,0,7,2,Z Fold8 Ultra,Telkomsel,Clippers,Tiktok
212,2026-08-08,adnanhusen15,https://vt.tiktok.com/ZS4b2S6Hm/,55900,35,0,6,1,Z Fold8 Ultra,Telkomsel,Clippers,Tiktok
213,2026-08-08,imamsafei027,https://vt.tiktok.com/ZS4bjXNMD/,399086,166,2,12,6,Z Fold8,Telkomsel,Clippers,Tiktok
214,2026-08-08,ilhampratama275,https://vt.tiktok.com/ZS4bMYFPM/,16238,30,0,4,0,Z Fold8 Ultra,Telkomsel,Clippers,Tiktok
215,2026-08-08,malikamia0,https://vt.tiktok.com/ZS4bryTDA/,315223,105,0,7,7,Z Fold8 Ultra,Telkomsel,Clippers,Tiktok
216,2026-08-08,hhibiyon,https://vt.tiktok.com/ZS4bU27wh/,9207,18,0,5,0,Z Fold8 Ultra,Telkomsel,Clippers,Tiktok
217,2026-08-08,mayaanewd,https://vt.tiktok.com/ZS4bUg9j2/,17600,37,0,2,0,Z Fold8 Ultra,Telkomsel,Clippers,Tiktok
218,2026-08-08,lala.eka,https://vt.tiktok.com/ZS4bUWqXA/,19833,15,0,2,0,Z Fold8 Ultra,Telkomsel,Clippers,Tiktok
219,2026-08-08,cilaaaaa72,https://vt.tiktok.com/ZS4by6QJm/,23001,16,0,3,0,Z Fold8 Ultra,Telkomsel,Clippers,Tiktok
220,2026-08-08,ggiovanjava,https://vt.tiktok.com/ZS4byaeoY/,13700,30,0,1,0,Z Fold8 Ultra,Telkomsel,Clippers,Tiktok
221,2026-08-08,jennifer_rosia,https://vt.tiktok.com/ZS4bYMn7P/,15100,38,1,4,0,Z Fold8 Ultra,Telkomsel,Clippers,Tiktok
222,2026-08-08,angellpaff,https://vt.tiktok.com/ZS4bFnx8y/,143100,85,1,13,1,Z Fold8 Ultra,Telkomsel,Clippers,Tiktok
223,2026-08-08,alvis_and,https://vt.tiktok.com/ZS4bFkWWk/,12232,7,0,1,0,Z Fold8 Ultra,Telkomsel,Clippers,Tiktok
224,2026-08-08,kalunaa90,https://vt.tiktok.com/ZS4bMBrb4/,25000,40,0,4,0,Z Fold8 Ultra,Telkomsel,Clippers,Tiktok
225,2026-08-08,flovemj,https://vt.tiktok.com/ZS4bUc9xR/,13205,20,0,0,0,Z Fold8 Ultra,Telkomsel,Clippers,Tiktok
226,2026-08-08,ivanlkia,https://vt.tiktok.com/ZS4veM8pJ/,16601,99,0,15,1,Z Fold8,Finance + ,Clippers,Tiktok
227,2026-08-08,ivanlkia,https://vt.tiktok.com/ZS4veQLhC/,17442,85,0,9,0,Z Fold8,Finance + ,Clippers,Tiktok
228,2026-08-08,ivanlkia,https://vt.tiktok.com/ZS4vdYtGU/,15304,97,0,13,8,Z Fold8,Finance + ,Clippers,Tiktok
229,2026-08-08,tianramanda,https://vt.tiktok.com/ZS4vetVbT/,18328,100,0,8,1,Z Fold8,Finance + ,Clippers,Tiktok
230,2026-08-08,tianramanda,https://vt.tiktok.com/ZS4vdq8eD/,18431,90,0,16,1,Z Fold8,Finance + ,Clippers,Tiktok
231,2026-08-08,tianramanda,https://vt.tiktok.com/ZS4vdEk7c/,43413,71,0,9,1,Z Fold8,Finance + ,Clippers,Tiktok
232,2026-08-08,denimahendr,https://vt.tiktok.com/ZS4vdvrma/,19208,88,0,9,0,Z Fold8,Finance + ,Clippers,Tiktok
233,2026-08-08,denimahendr,https://vt.tiktok.com/ZS4vRhDUH/,17733,56,0,14,1,Z Fold8,Finance + ,Clippers,Tiktok
234,2026-08-08,denimahendr,https://vt.tiktok.com/ZS4vRqjkN/,15007,98,0,13,0,Z Fold8,Finance + ,Clippers,Tiktok
235,2026-08-08,dianrendd,https://vt.tiktok.com/ZS4v8Uu54/,19900,99,0,10,2,Z Fold8,Finance + ,Clippers,Tiktok
236,2026-08-08,dianrendd,https://vt.tiktok.com/ZS4v8UQx7/,210503,181,0,15,6,Z Fold8,Finance + ,Clippers,Tiktok
237,2026-08-08,dianrendd,https://vt.tiktok.com/ZS4v8otAw/,14513,94,0,19,0,Z Fold8,Finance + ,Clippers,Tiktok
238,2026-08-08,reno.putra77,https://vt.tiktok.com/ZS4vLR41m/,40221,110,0,10,10,Z Fold8,CC,Clippers,Tiktok
239,2026-08-08,reno.putra77,https://vt.tiktok.com/ZS4vLSnEK/,19729,94,0,24,7,Z Fold8,CC,Clippers,Tiktok
240,2026-08-08,reno.putra77,https://vt.tiktok.com/ZS4vLQst2/,49406,78,0,16,0,Z Fold8,CC,Clippers,Tiktok
241,2026-08-08,riskinaran,https://vt.tiktok.com/ZS4vLwSNo/,13476,89,0,13,0,Z Fold8,CC,Clippers,Tiktok
242,2026-08-08,riskinaran,https://vt.tiktok.com/ZS4vNeMWc/,11351,95,0,6,1,Z Fold8,CC,Clippers,Tiktok
243,2026-08-08,riskinaran,https://vt.tiktok.com/ZS4vNQWY3/,11307,97,0,7,0,Z Fold8,CC,Clippers,Tiktok
244,2026-08-08,sindu pratama,https://vt.tiktok.com/ZS4vJVLKu/,12080,81,0,9,0,Z Fold8,CC,Clippers,Tiktok
245,2026-08-08,sindu pratama,https://vt.tiktok.com/ZS4veY2dX/,20224,100,0,14,1,Z Fold8,CC,Clippers,Tiktok
246,2026-08-08,sindu pratama,https://vt.tiktok.com/ZS4veVbnA/,11969,97,0,12,0,Z Fold8,CC,Clippers,Tiktok
247,2026-08-08,ahmad saepudin,https://vt.tiktok.com/ZS4vdM71h/,14769,31,0,2,0,Z Fold8,Telkomsel,Clippers,Tiktok
248,2026-08-08,ahmad saepudin,https://vt.tiktok.com/ZS4vdypnn/,13376,13,0,2,1,Z Fold8,Telkomsel,Clippers,Tiktok
249,2026-08-08,ahmad saepudin,https://vt.tiktok.com/ZS4vRY6og/,7082,97,0,4,1,Z Fold8,Telkomsel,Clippers,Tiktok
250,2026-08-08,hanifanyunda,https://vt.tiktok.com/ZS4vRS23J/,6798,101,0,20,0,Z Fold8,Telkomsel,Clippers,Tiktok
251,2026-08-08,hanifanyunda,https://vt.tiktok.com/ZS4vRu3up/,7959,41,0,9,0,Z Fold8 Ultra,Telkomsel,Clippers,Tiktok
252,2026-08-08,hanifanyunda,https://vt.tiktok.com/ZS4vRXKGP/,7189,57,0,9,0,Z Fold8 Ultra,Telkomsel,Clippers,Tiktok
253,2026-08-08,yogapratama,https://vt.tiktok.com/ZS4vRsHXH/,26086,92,0,19,0,Z Fold8 Ultra,Telkomsel,Clippers,Tiktok
254,2026-08-08,yogapratama,https://vt.tiktok.com/ZS4v8fGkE/,6545,94,0,7,0,Z Fold8 Ultra,Telkomsel,Clippers,Tiktok
255,2026-08-08,yogapratama,https://vt.tiktok.com/ZS4v8qSBY/,52284,104,0,8,2,Z Fold8 Ultra,Telkomsel,Clippers,Tiktok
256,2026-08-08,muhzainudin,https://vt.tiktok.com/ZS4vFLkRe/,7238,94,0,16,1,Z Fold8 Ultra,Telkomsel,Clippers,Tiktok
257,2026-08-08,muhzainudin,https://vt.tiktok.com/ZS4vFLTPU/,21692,49,0,2,1,Z Fold8 Ultra,Telkomsel,Clippers,Tiktok
258,2026-08-08,muhzainudin,https://vt.tiktok.com/ZS4vFaHMT/,25110,106,0,13,3,Z Fold8 Ultra,Telkomsel,Clippers,Tiktok
259,2026-08-09,andralook,https://vt.tiktok.com/ZS4sbAs5Y/,154910,164,2,24,15,Z Fold8,Telkomsel,Clippers,Tiktok
260,2026-08-09,yeyen2876,https://vt.tiktok.com/ZS4sbEqkS/,7267,102,1,18,0,Z Fold8,Telkomsel,Clippers,Tiktok
261,2026-08-09,di4na43,https://vt.tiktok.com/ZS4sg1h3q/,13111,109,0,19,0,Z Fold8,Telkomsel,Clippers,Tiktok
262,2026-08-09,hanic4ntik,https://vt.tiktok.com/ZS4sbsRN5/,304276,105,3,11,2,Z Fold8,CC,Clippers,Tiktok
263,2026-08-09,yohanesjonas588,https://vt.tiktok.com/ZS4sbN7Ys/,78053,110,3,4,5,Z Fold8,Telkomsel,Clippers,Tiktok
264,2026-08-09,ishnacu,https://vt.tiktok.com/ZS4sgS6vc/,46922,176,0,28,0,Z Fold8,CC,Clippers,Tiktok
265,2026-08-09,jenupdate,https://vt.tiktok.com/ZS4sghsJB/,13243,41,1,7,1,Z Fold8,CC,Clippers,Tiktok
266,2026-08-09,dealuna88,https://vt.tiktok.com/ZS4sbcRX6/,55871,157,2,30,1,Z Fold8,Telkomsel,Clippers,Tiktok
267,2026-08-09,missoefe,https://vt.tiktok.com/ZS4sbtqw6/,100228,81,1,15,2,Z Fold8,Telkomsel,Clippers,Tiktok
268,2026-08-09,fanny.oktavia,https://vt.tiktok.com/ZS4sbFDSa/,9444,134,2,25,0,Z Fold8,Telkomsel,Clippers,Tiktok
269,2026-08-09,andes.arini,https://www.tiktok.com/@andes.arini/video/7671944414155033873,493671,200,2,22,12,Z Fold8,Telkomsel,Clippers,Tiktok
270,2026-08-09,berlianamustikasa59,https://www.tiktok.com/@berlianamustikasa59/video/7671945975346384145,34388,125,1,17,1,Z Fold8,Telkomsel,Clippers,Tiktok
271,2026-08-09,binaatma,https://www.tiktok.com/@binaatma/video/7671946591011392785,489409,279,4,0,6,Z Fold8,Telkomsel,Clippers,Tiktok
272,2026-08-09,ulannuraini_,https://www.tiktok.com/@bulannuraini_/video/7671947133314043137,200320,150,2,19,1,Z Fold8,Telkomsel,Clippers,Tiktok
273,2026-08-09,darina.fatma,https://www.tiktok.com/@darina.fatma/video/7671947492862217488,86079,86,2,11,4,Z Fold8,Telkomsel,Clippers,Tiktok
274,2026-08-09,melatiputih556,https://vt.tiktok.com/ZS4s4oU1j/,55450,70,1,6,0,Z Fold8,Telkomsel,Clippers,Tiktok
275,2026-08-09,misakinate,https://vt.tiktok.com/ZS4sq59bg/,119015,79,0,8,4,Z Fold8,Telkomsel,Clippers,Tiktok
276,2026-08-09,piputbest,https://vt.tiktok.com/ZS4sgHY2B/,18299,91,2,11,0,Z Fold8,Telkomsel,Clippers,Tiktok
277,2026-08-09,mawarcantik043,https://vt.tiktok.com/ZS4spB5UG/,61058,46,1,9,2,Z Fold8,Telkomsel,Clippers,Tiktok
278,2026-08-09,sahroni3808,https://vt.tiktok.com/ZS4spQW7T/,30124,41,1,4,0,Z Fold8,Telkomsel,Clippers,Tiktok
279,2026-08-09,aimanrafisqy0,https://vt.tiktok.com/ZS4sVgsnv/,10051,25,1,2,1,Z Fold8,Telkomsel,Clippers,Tiktok
280,2026-08-09,abidzarrizqi98,https://vt.tiktok.com/ZS4sqSpyc/,10240,20,2,2,1,Z Fold8,Telkomsel,Clippers,Tiktok
281,2026-08-09,sikembardidit,https://vt.tiktok.com/ZS4ssCWDu/,70808,136,2,32,0,Z Fold8,Telkomsel,Clippers,Tiktok
282,2026-08-09,asherartomoro6,https://vt.tiktok.com/ZS4sbw98y/,11282,23,2,1,0,Z Fold8,Telkomsel,Clippers,Tiktok
283,2026-08-09,cicik506,https://vt.tiktok.com/ZS4spgbRF/,112865,113,3,9,2,Z Fold8,Telkomsel,Clippers,Tiktok
284,2026-08-09,zayn.arshaka71,https://vt.tiktok.com/ZS4snUYEu/,11846,161,2,27,0,Z Fold8,Telkomsel,Clippers,Tiktok
285,2026-08-09,liona.putri96,https://vt.tiktok.com/ZS4snQmmm/,127864,224,1,29,7,Z Fold8,CC,Clippers,Tiktok
286,2026-08-09,max.carolline,https://vt.tiktok.com/ZS4sWMJe1/,300981,123,2,18,3,Z Fold8,CC,Clippers,Tiktok
287,2026-08-09,mylove.3331,https://vt.tiktok.com/ZS4sW9fF2/,16693,50,1,4,0,Z Fold8 Ultra,CC,Clippers,Tiktok
288,2026-08-09,aloraa114,https://vt.tiktok.com/ZS4s7jGKX/,11223,91,2,16,0,Z Fold8 Ultra,CC,Clippers,Tiktok
289,2026-08-09,sukmaanya,https://vt.tiktok.com/ZS4snsxTL/,14435,5,0,1,1,Z Fold8 Ultra,CC,Clippers,Tiktok
290,2026-08-09,myblysse0,https://vt.tiktok.com/ZS4stvGab/,72563,63,2,9,2,Z Fold8 Ultra,CC,Clippers,Tiktok
291,2026-08-09,alexsa.andini,https://vt.tiktok.com/ZS4sgfDJ7/,450989,172,2,19,1,Z Fold8 Ultra,CC,Clippers,Tiktok
292,2026-08-09,martindasco7,https://vm.tiktok.com/ZTAcnTYX1/,95744,156,2,25,0,Z Fold8 Ultra,CC,Clippers,Tiktok
293,2026-08-09,dikalisna8,https://vt.tiktok.com/ZS4steU5K/,11839,89,2,2,0,Z Fold8 Ultra,CC,Clippers,Tiktok
294,2026-08-09,natatata1232,https://vt.tiktok.com/ZS4sW2RAP/,10790,60,1,19,0,Z Fold8 Ultra,CC,Clippers,Tiktok
295,2026-08-09,mariana.dewi0,https://vt.tiktok.com/ZS4sWaWoy/,8281,37,1,5,1,Z Fold8 Ultra,CC,Clippers,Tiktok
296,2026-08-09,tientien.cantik,https://vt.tiktok.com/ZS4sW3RhG/,5592,25,2,1,0,Z Fold8 Ultra,CC,Clippers,Tiktok
297,2026-08-09,azza20zahra,https://vt.tiktok.com/ZS4sna34B/,155876,91,2,13,1,Z Fold8 Ultra,Telkomsel,Clippers,Tiktok
298,2026-08-09,ahmadardianta7,https://vt.tiktok.com/ZS4vyoebX/,3059,11,0,0,0,Z Fold8,CC,AI,Tiktok
299,2026-08-09,ahmadardianta7,https://vt.tiktok.com/ZS4vf7HbD/,3026,2,0,0,0,Z Fold8,CC,AI,Tiktok
300,2026-08-09,rania_ayu0,https://vt.tiktok.com/ZS4sWjH5A/,11120,49,2,11,0,Z Fold8,Telkomsel,Clippers,Tiktok
301,2026-08-09,zaky_farhan1,https://vt.tiktok.com/ZS4vFkarE/,58250,120,0,11,2,Z Fold8,Telkomsel,Clippers,Tiktok
302,2026-08-09,zaky_farhan1,https://vt.tiktok.com/ZS4vY8M2q/,15068,30,0,11,0,Z Fold8,Telkomsel,Clippers,Tiktok
303,2026-08-09,zaky_farhan1,https://vt.tiktok.com/ZS4vYJayJ/,10300,17,0,1,0,Z Fold8,Telkomsel,Clippers,Tiktok
304,2026-08-09,nur.alannurr,https://vt.tiktok.com/ZS4vYykyf/,10281,54,0,10,1,Z Fold8,Telkomsel,Clippers,Tiktok
305,2026-08-09,nur.alannurr,https://vt.tiktok.com/ZS4vYPG4q/,10250,85,0,8,0,Z Fold8,Telkomsel,Clippers,Tiktok
306,2026-08-09,nur.alannurr,https://vt.tiktok.com/ZS4vYv6r1/,11391,77,0,10,2,Z Fold8,Telkomsel,Clippers,Tiktok
307,2026-08-09,putra.jefri0,https://vt.tiktok.com/ZS4vYThRE/,11157,57,0,18,0,Z Fold8,Telkomsel,Clippers,Tiktok
308,2026-08-09,putra.jefri0,https://vt.tiktok.com/ZS4v2AJ2T/,10191,91,0,7,0,Z Fold8,Telkomsel,Clippers,Tiktok
309,2026-08-09,putra.jefri0,https://vt.tiktok.com/ZS4v2r6FU/,9651,94,0,19,0,Z Fold8,Telkomsel,Clippers,Tiktok
310,2026-08-09,putra.jefri0,https://vt.tiktok.com/ZS4v2TVDK/,8424,70,0,17,0,Z Fold8,Telkomsel,Clippers,Tiktok
311,2026-08-09,fajar_.mahendra,https://vt.tiktok.com/ZS4v2gAMR/,16143,80,0,11,1,Z Fold8,Telkomsel,Clippers,Tiktok
312,2026-08-09,fajar_.mahendra,https://vt.tiktok.com/ZS4vjMvNy/,3995,46,0,21,0,Z Fold8,CC,Clippers,Tiktok
313,2026-08-09,fajar_.mahendra,https://vt.tiktok.com/ZS4vj6R3H/,4664,95,0,9,0,Z Fold8,CC,Clippers,Tiktok
314,2026-08-09,pangestu30_,https://vt.tiktok.com/ZS4vjQdmg/,3809,1,0,0,0,Z Fold8 Ultra,CC,Clippers,Tiktok
315,2026-08-09,pangestu30_,https://vt.tiktok.com/ZS4vjGSoS/,4031,88,0,16,1,Z Fold8 Ultra,CC,Clippers,Tiktok
316,2026-08-09,pangestu30_,https://vt.tiktok.com/ZS4v6JMmC/,4496,79,0,13,0,Z Fold8 Ultra,CC,Clippers,Tiktok
317,2026-08-09,arya_satya543,https://vt.tiktok.com/ZS4v6M1f5/,4496,78,0,11,0,Z Fold8 Ultra,CC,Clippers,Tiktok
318,2026-08-09,arya_satya543,https://vt.tiktok.com/ZS4v6fjFQ/,4369,93,0,1,0,Z Fold8 Ultra,CC,Clippers,Tiktok
319,2026-08-09,arya_satya543,https://vt.tiktok.com/ZS4v6xms7/,5332,27,0,6,0,Z Fold8 Ultra,CC,Clippers,Tiktok
320,2026-08-09,muammar.amar77,https://vt.tiktok.com/ZS4v6KTur/,142875,134,0,19,2,Z Fold8 Ultra,CC,Clippers,Tiktok
321,2026-08-09,muammar.amar77,https://vt.tiktok.com/ZS4vMdrUG/,3932,92,0,4,0,Z Fold8 Ultra,CC,Clippers,Tiktok
322,2026-08-09,muammar.amar77,https://vt.tiktok.com/ZS4vM5oAC/,3856,87,0,13,0,Z Fold8 Ultra,CC,Clippers,Tiktok
323,2026-08-09,alvino.dermawan_,https://vt.tiktok.com/ZS4vMghK7/,82146,129,1,11,0,Z Fold8 Ultra,CC,Clippers,Tiktok
324,2026-08-09,alvino.dermawan_,https://vt.tiktok.com/ZS4vr8pCc/,59685,117,0,10,2,Z Fold8,Telkomsel,Clippers,Tiktok
325,2026-08-10,reza.dwia,https://vt.tiktok.com/ZS4c9WxQk/,2800,4,1,4,0,Z Fold8,Finance + ,Clippers,Tiktok
326,2026-08-10,fariz.putrra,https://vt.tiktok.com/ZS4cQA7Qy/,2737,6,1,4,0,Z Fold8,Finance + ,Clippers,Tiktok
327,2026-08-10,rahul.rendra,https://vt.tiktok.com/ZS4cQEvae/,2824,2,2,3,0,Z Fold8,Finance + ,Clippers,Tiktok
328,2026-08-10,mahardika.ryann,https://vt.tiktok.com/ZS4cCA3XU/,2014,4,2,4,0,Z Fold8,Finance + ,Clippers,Tiktok
329,2026-08-10,ridwann_aj,https://vt.tiktok.com/ZS4cCnwpk/,2756,0,1,0,0,Z Fold8,Finance + ,Clippers,Tiktok
330,2026-08-10,rendiganas,https://vt.tiktok.com/ZS4cX68By/,2786,42,1,0,0,Z Fold8,Finance + ,Clippers,Tiktok
331,2026-08-10,andipintarsmwa,https://vt.tiktok.com/ZS4cXQngY/,2863,2,2,3,0,Z Fold8,Finance + ,Clippers,Tiktok
332,2026-08-10,wahyu.danna,https://vt.tiktok.com/ZS4c4XMKt/,3739,15,2,3,0,Z Fold8,Finance + ,Clippers,Tiktok
333,2026-08-10,reza.dwia,https://vt.tiktok.com/ZS4cx6Pt7/,2676,2,2,2,0,Z Fold8,Telkomsel,Clippers,Tiktok
334,2026-08-10,fariz.putrra,https://vt.tiktok.com/ZS4cQtosf/,72686,33,2,1,1,Z Fold8,Telkomsel,Clippers,Tiktok
335,2026-08-10,rahul.rendra,https://vt.tiktok.com/ZS4cCYPS4/,5427,5,1,2,0,Z Fold8,Telkomsel,Clippers,Tiktok
336,2026-08-10,mahardika.ryann,https://vt.tiktok.com/ZS4cCwBv5/,6130,2,1,3,0,Z Fold8,Telkomsel,Clippers,Tiktok
337,2026-08-10,ridwann_aj,https://vt.tiktok.com/ZS4cXye7x/,5447,21,1,2,0,Z Fold8,Telkomsel,Clippers,Tiktok
338,2026-08-10,rendiganas,https://vt.tiktok.com/ZS4cXbMeK/,25465,2,2,1,0,Z Fold8,Telkomsel,Clippers,Tiktok
339,2026-08-10,andipintarsmwa,https://vt.tiktok.com/ZS4cXEnNJ/,5817,4,2,4,0,Z Fold8,Telkomsel,Clippers,Tiktok
340,2026-08-10,wahyu.danna,https://vt.tiktok.com/ZS4c45KGv/,17016,13,2,2,0,Z Fold8,Telkomsel,Clippers,Tiktok
341,2026-08-10,fernando.riskky,https://vt.tiktok.com/ZS4c4SxVb/,2011,1,2,1,0,Z Fold8,Telkomsel,Clippers,Tiktok
342,2026-08-10,danar.ramanda60,https://vt.tiktok.com/ZS4c4bDK8/,7252,5,2,2,0,Z Fold8,Telkomsel,Clippers,Tiktok
343,2026-08-10,dimasandrakecil,https://vt.tiktok.com/ZS4cV2Dc1/,5719,5,2,3,0,Z Fold8,Telkomsel,Clippers,Tiktok
344,2026-08-10,abidgantengbisa,https://vt.tiktok.com/ZS4cVuYvS/,5352,4,1,4,0,Z Fold8,Telkomsel,Clippers,Tiktok
345,2026-08-10,renandarrr,https://vt.tiktok.com/ZS4cVEWcK/,4444,0,0,1,0,Z Fold8,Telkomsel,Clippers,Tiktok
346,2026-08-10,dikaklimis,https://vt.tiktok.com/ZS4cqxGb7/,4335,1,0,1,0,Z Fold8,Telkomsel,Clippers,Tiktok
347,2026-08-10,bagusmohak,https://vt.tiktok.com/ZS4cb1y7K/,4243,3,0,3,0,Z Fold8,Telkomsel,Clippers,Tiktok
348,2026-08-10,kakaklimis,https://vt.tiktok.com/ZS4cbyhYQ/,4317,6,0,2,0,Z Fold8,Telkomsel,Clippers,Tiktok
349,2026-08-10,kakaklimis,https://vt.tiktok.com/ZS4cbxnwx/,4288,1,0,1,0,Z Fold8,CC,Clippers,Tiktok
350,2026-08-10,bagusmohak,https://vt.tiktok.com/ZS4cb6Tp3/,4854,2,0,0,1,Z Fold8,CC,Clippers,Tiktok
351,2026-08-10,dikaklimis,https://vt.tiktok.com/ZS4cqGdCk/,4147,2,0,1,0,Z Fold8,CC,Clippers,Tiktok
352,2026-08-10,renandarrr,https://vt.tiktok.com/ZS4cqYoV5/,4494,1,0,1,0,Z Fold8,CC,Clippers,Tiktok
353,2026-08-10,abidgantengbisa,https://vt.tiktok.com/ZS4cVoh5w/,59531,26,1,2,1,Z Fold8 Ultra,CC,Clippers,Tiktok
354,2026-08-10,dimasandrakecil,https://vt.tiktok.com/ZS4c4KKju/,4255,2,0,0,0,Z Fold8 Ultra,CC,Clippers,Tiktok
355,2026-08-10,danar.ramanda60,https://vt.tiktok.com/ZS4cVY93q/,7297,1,0,2,0,Z Fold8 Ultra,CC,Clippers,Tiktok
356,2026-08-10,fernando.riskky,https://vt.tiktok.com/ZS4c4bQ58/,7955,2,0,2,0,Z Fold8 Ultra,CC,Clippers,Tiktok
357,2026-08-10,indraa.pramahdi,https://vt.tiktok.com/ZS4cHcPgw/,7094,4,0,2,0,Z Fold8 Ultra,CC,Clippers,Tiktok
358,2026-08-10,indraa.pramahdi,https://vt.tiktok.com/ZS4c9Lfpj/,7396,3,0,1,0,Z Fold8 Ultra,CC,Clippers,Tiktok
359,2026-08-10,indraa.pramahdi,https://vt.tiktok.com/ZS4c9mwKv/,23734,10,0,4,1,Z Fold8 Ultra,CC,Clippers,Tiktok
360,2026-08-10,trendmediahub_,https://vt.tiktok.com/ZS4cQvp8a/,2011,1,0,1,0,Z Fold8 Ultra,CC,Clippers,Tiktok
361,2026-08-10,trendmediahub_,https://vt.tiktok.com/ZS4cQ3BK1/,40443,10,0,2,1,Z Fold8 Ultra,CC,Clippers,Tiktok
362,2026-08-10,trendmediahub_,https://vt.tiktok.com/ZS4cCY2uJ/,2013,0,0,0,0,Z Fold8 Ultra,CC,Clippers,Tiktok
363,2026-08-10,insightclipid6,https://vt.tiktok.com/ZS4cCYomg/,7839,6,0,0,0,Z Fold8 Ultra,CC,Clippers,Tiktok
364,2026-08-10,insightclipid6,https://vt.tiktok.com/ZS4cCQ15Y/,6825,3,0,1,0,Z Fold8 Ultra,CC,Clippers,Tiktok
365,2026-08-10,wawannmks,https://vt.tiktok.com/ZS4vy5fjp/,2010,8,0,0,0,Z Fold8 Ultra,CC,AI,Tiktok
366,2026-08-10,wawannmks,https://vt.tiktok.com/ZS4vyg72m/,2012,14,0,0,0,Z Fold8 Ultra,CC,AI,Tiktok
367,2026-08-10,wawannmks,https://vt.tiktok.com/ZS4vy7V6s/,2013,14,0,0,0,Z Fold8 Ultra,CC,AI,Tiktok
368,2026-08-10,abdi.husnain,https://vt.tiktok.com/ZS4vf1dgX/,2017,5,0,0,0,Z Fold8 Ultra,CC,AI,Tiktok
369,2026-08-10,abdi.husnain,https://vt.tiktok.com/ZS4vfx4qQ/,2010,9,0,0,0,Z Fold8 Ultra,CC,AI,Tiktok
370,2026-08-10,abdi.husnain,https://vt.tiktok.com/ZS4vPLXqh/,2009,18,0,0,0,Z Fold8 Ultra,Finance + ,AI,Tiktok
371,2026-08-10,aryapranata80_,https://vt.tiktok.com/ZS4vcNhPc/,2014,5,0,0,0,Z Fold8 Ultra,Finance + ,AI,Tiktok
372,2026-08-10,aryapranata80_,https://vt.tiktok.com/ZS4vcMW12/,2018,17,0,0,0,Z Fold8 Ultra,Telkomsel,AI,Tiktok
373,2026-08-10,aryapranata80_,https://vt.tiktok.com/ZS4vcTDSR/,2007,14,0,0,0,Z Fold8 Ultra,Telkomsel,AI,Tiktok
374,2026-08-10,donysumargo_,https://vt.tiktok.com/ZS4vcgQpF/,2006,1,0,0,0,Z Fold8 Ultra,Telkomsel,AI,Tiktok
375,2026-08-10,donysumargo_,https://vt.tiktok.com/ZS4v3frxH/,2014,17,0,0,0,Z Fold8 Ultra,Telkomsel,AI,Tiktok
376,2026-08-10,donysumargo_,https://vt.tiktok.com/ZS4v3wL7T/,2013,0,0,0,0,Z Fold8 Ultra,Telkomsel,AI,Tiktok
377,2026-08-11,insightclipid6,https://vt.tiktok.com/ZS4cCue4L/,5142,87,0,1,0,Z Fold8,CC,Clippers,Tiktok
378,2026-08-11,brandbuzz.daily,https://vt.tiktok.com/ZS4cX2dKQ/,4739,62,0,0,0,Z Fold8,CC,Clippers,Tiktok
379,2026-08-11,brandbuzz.daily,https://vt.tiktok.com/ZS4cXFMg6/,4685,39,0,0,0,Z Fold8,CC,Clippers,Tiktok
380,2026-08-11,brandbuzz.daily,https://vt.tiktok.com/ZS4cXCfSU/,4698,73,0,0,0,Z Fold8,CC,Clippers,Tiktok
381,2026-08-11,clipverseid03,https://vt.tiktok.com/ZS4cXW3wU/,4626,108,0,0,0,Z Fold8,CC,Clippers,Tiktok
382,2026-08-11,fyry209, https://vt.tiktok.com/ZSV1Vg5d7/,5033,2,0,0,0,Z Fold8,CC,Clippers,Tiktok
383,2026-08-11,clipverseid03,https://vt.tiktok.com/ZS4cXED73/,4555,59,0,0,0,Z Fold8,CC,Clippers,Tiktok
384,2026-08-11,clipverseid03,https://vt.tiktok.com/ZS4c4fknd/,47794,93,0,0,0,Z Fold8,Telkomsel,Clippers,Tiktok
385,2026-08-11,fareladijaya12,https://vt.tiktok.com/ZS4cgDkcS/,4691,86,0,0,0,Z Fold8,Telkomsel,Clippers,Tiktok
386,2026-08-11,fareladijaya12,https://vt.tiktok.com/ZS4cgdRo1/,5061,121,0,0,0,Z Fold8,Telkomsel,Clippers,Tiktok
387,2026-08-11,fareladijaya12,https://vt.tiktok.com/ZS4cgaVrn/,5390,92,0,0,0,Z Fold8,Telkomsel,Clippers,Tiktok
388,2026-08-11,agung_saputro19,https://vt.tiktok.com/ZS4cgQRp3/,71778,124,0,2,0,Z Fold8,Telkomsel,Clippers,Tiktok
389,2026-08-11,agung_saputro19,https://vt.tiktok.com/ZS4cpBuyJ/,51932,75,0,0,0,Z Fold8,Telkomsel,Clippers,Tiktok
390,2026-08-11,agung_saputro19,https://vt.tiktok.com/ZS4cpx23q/,4634,95,0,0,0,Z Fold8,Telkomsel,Clippers,Tiktok
391,2026-08-11,andjanihendriyawati0,https://vt.tiktok.com/ZS4cW232o/,6952,145,0,0,0,Z Fold8,Finance + ,Clippers,Tiktok
393,2026-08-11,andjanihendriyawati0,https://vt.tiktok.com/ZS4c7FuxT/,4930,115,0,1,0,Z Fold8,Finance + ,Clippers,Tiktok
394,2026-08-11,adeliapuspa85,https://vt.tiktok.com/ZS4cnGW7g/,4920,104,0,0,0,Z Fold8,Finance + ,Clippers,Tiktok
395,2026-08-11,adeliapuspa85,https://www.tiktok.com/@adeliapuspa85/video/7672762694327373076,149,81,0,0,0,Z Fold8 Ultra,CC,Clippers,Tiktok
396,2026-08-11,adeliapuspa85,https://vt.tiktok.com/ZS4ctVpYW/,4543,125,0,0,0,Z Fold8 Ultra,CC,Clippers,Tiktok
397,2026-08-11,adeliapuspa85,https://vt.tiktok.com/ZS4cnMpjo/,4464,105,0,0,0,Z Fold8 Ultra,CC,Clippers,Tiktok
398,2026-08-11,rozak.putr,https://vt.tiktok.com/ZSVepAwUd/,78871,34,0,3,1,Z Fold8 Ultra,Telkomsel,Clippers,Tiktok
399,2026-08-11,donokijenwani,https://vt.tiktok.com/ZSVep8AnN/,4362,3,0,0,0,Z Fold8 Ultra,Telkomsel,Clippers,Tiktok
400,2026-08-11,donokijenwani,https://vt.tiktok.com/ZSVepP1vf/,4260,1,0,1,0,Z Fold8 Ultra,Telkomsel,Clippers,Tiktok
401,2026-08-11,azziigemoy,https://vt.tiktok.com/ZSVesaVBS/,2008,0,0,0,0,Z Fold8 Ultra,Finance + ,Clippers,Tiktok
402,2026-08-11,asnanaditama,https://vt.tiktok.com/ZS4v4FGyy/,2014,15,0,0,0,Z Fold8,Finance + ,AI,Tiktok
403,2026-08-11,asnanaditama,https://vt.tiktok.com/ZS4v4CvLB/,2018,0,0,0,0,Z Fold8,Finance + ,AI,Tiktok
404,2026-08-11,pilo.ander,https://vt.tiktok.com/ZSV1HNHe8/,2043,11,0,0,0,Z Fold8,Finance + ,AI,Tiktok
405,2026-08-11,gading.martin490,https://vt.tiktok.com/ZSV1HJaDW/,9472,11,0,0,0,Z Fold8,Finance + ,AI,Tiktok
406,2026-08-11,senjakuu77,https://vt.tiktok.com/ZSV1Hd4hQ/,2022,14,0,0,0,Z Fold8,Finance + ,AI,Tiktok
407,2026-08-12,kakaklimis,https://vt.tiktok.com/ZS4wHbpdf/,4497,112,0,0,0,Z Fold8,CC,Clippers,Tiktok
408,2026-08-12,dinantikatriutami,https://vt.tiktok.com/ZS4K28xMs/,93273,171,0,0,8,Z Fold8,CC,Clippers,Tiktok
409,2026-08-12,narahumaira1,https://vt.tiktok.com/ZS4KJLYA6/,4851,119,0,0,0,Z Fold8,CC,Clippers,Tiktok
410,2026-08-12,narahumaira1,https://vt.tiktok.com/ZS4K1omx1/,4335,0,0,0,0,Z Fold8,CC,Clippers,Tiktok
411,2026-08-12,narahumaira1,https://vt.tiktok.com/ZS4KJ5EaS/,5293,116,0,0,0,Z Fold8,CC,Clippers,Tiktok
412,2026-08-12,highlightfactory3,https://vt.tiktok.com/ZS4KJa7Ja/,22103,124,0,1,1,Z Fold8,Telkomsel,Clippers,Tiktok
413,2026-08-12,kakaklimis,https://vt.tiktok.com/ZS4w92ypK/,4660,102,0,0,0,Z Fold8,Telkomsel,Clippers,Tiktok
414,2026-08-12,highlightfactory3,https://vt.tiktok.com/ZS4Ke6jdv/,4151,74,0,0,0,Z Fold8,Telkomsel,Clippers,Tiktok
415,2026-08-12,dinantikatriutami,https://vt.tiktok.com/ZS4K2DCrm/,67942,113,0,0,0,Z Fold8,Finance + ,Clippers,Tiktok
416,2026-08-12,citraridho7,https://vt.tiktok.com/ZS4K2waLC/,5203,65,0,0,0,Z Fold8,Finance + ,Clippers,Tiktok
417,2026-08-12,azziigemoy,https://vt.tiktok.com/ZS4w94nev/,4631,98,0,0,0,Z Fold8 Ultra,CC,Clippers,Tiktok
418,2026-08-12,citraridho7,https://vt.tiktok.com/ZS4Kjdvvh/,42763,131,0,2,0,Z Fold8 Ultra,Telkomsel,Clippers,Tiktok
419,2026-08-12,azziigemoy,https://vt.tiktok.com/ZS4w9CPer/,4579,123,0,0,0,Z Fold8 Ultra,Telkomsel,Clippers,Tiktok
420,2026-08-12,azziigemoy,https://vt.tiktok.com/ZS4w9Ktp9/,4956,108,0,0,0,Z Fold8 Ultra,Finance + ,Clippers,Tiktok
421,2026-08-12,fahrul.putr,https://vt.tiktok.com/ZS4vfCrcU/,2030,12,0,0,0,Z Fold8,Telkomsel,AI,Tiktok
422,2026-08-12,itsmeanaya13,https://vt.tiktok.com/ZSV1HMXXh/,9514,10,0,0,0,Z Fold8,Telkomsel,AI,Tiktok
423,2026-08-12,maybella4511,https://vt.tiktok.com/ZSV1HgpcT/,2160,13,0,0,0,Z Fold8,Telkomsel,AI,Tiktok
424,2026-08-12,siti.monika68,https://vt.tiktok.com/ZSV1HPg9R/,2014,9,0,0,0,Z Fold8,Telkomsel,AI,Tiktok
425,2026-08-12,aira52705,https://vt.tiktok.com/ZSV1HsvsM/,2021,8,0,0,0,Z Fold8,Telkomsel,AI,Tiktok
426,2026-08-12,taniapoetriii,https://vt.tiktok.com/ZSV1HKn1Y/,2022,4,0,0,0,Z Fold8,Telkomsel,AI,Tiktok
427,2026-08-13,anabela.la1,https://vt.tiktok.com/ZSV196BN1/,2022,55,0,7,0,Z Fold8,Telkomsel,AI,Tiktok
428,2026-08-13,foxypie,https://vt.tiktok.com/ZSV1HKM8R/,2022,41,0,6,0,Z Fold8,Telkomsel,AI,Tiktok
429,2026-08-13,pratama.tama684,https://vt.tiktok.com/ZSV19jn79/,2018,61,0,8,0,Z Fold8,Telkomsel,AI,Tiktok
430,2026-08-13,dealuna88,https://vt.tiktok.com/ZSV1HvV7g/,2016,25,0,7,0,Z Fold8,Telkomsel,AI,Tiktok
431,2026-08-13,birurayyanza,https://vt.tiktok.com/ZSV19ugkK/,2201,22,0,2,0,Z Fold8,Telkomsel,AI,Tiktok
432,2026-08-13,rozak.putr,https://vt.tiktok.com/ZSVegoqed/,86506,44,0,2,0,Z Fold8 Ultra,Telkomsel,Clippers,Tiktok
433,2026-08-13,larasatisumlang3,https://vt.tiktok.com/ZS4oVRF6p/,3232,1,0,0,0,Z Fold8,CC,Clippers,Tiktok
434,2026-08-13,reno.putra77,https://vt.tiktok.com/ZSVJ3u3LF/,3156,0,0,0,0,Z Fold8,CC,Clippers,Tiktok
435,2026-08-13,rahmad.cahyoo,https://vt.tiktok.com/ZS4o913SD/,3289,1,0,0,0,Z Fold8,CC,Clippers,Tiktok
436,2026-08-13,larasatisumlang3,https://vt.tiktok.com/ZS4oVbBkc/,3300,0,0,0,0,Z Fold8,CC,Clippers,Tiktok
437,2026-08-13,reno.putra77,https://vt.tiktok.com/ZSVJ3TpCY/,3262,2,0,0,0,Z Fold8,CC,Clippers,Tiktok
438,2026-08-13,rahmad.cahyoo,https://vt.tiktok.com/ZS4o9ad4x/,3074,1,0,0,0,Z Fold8,CC,Clippers,Tiktok
439,2026-08-13,rozak.putr,https://vt.tiktok.com/ZSVepgYnD/,3222,0,0,0,0,Z Fold8,Telkomsel,Clippers,Tiktok
440,2026-08-13,reno.putra77,https://vt.tiktok.com/ZSVJTBTry/,3249,0,0,0,0,Z Fold8,Telkomsel,Clippers,Tiktok
441,2026-08-13,donokijenwani,https://vt.tiktok.com/ZS4oQvqFq/,3115,0,0,0,0,Z Fold8,Telkomsel,Clippers,Tiktok
442,2026-08-13,donokijenwani,https://vt.tiktok.com/ZSVegxqWm/,3156,0,0,0,0,Z Fold8,Telkomsel,Clippers,Tiktok
443,2026-08-13,larasatisumlang3,https://vt.tiktok.com/ZS4oVp6en/,3121,1,0,0,0,Z Fold8,Telkomsel,Clippers,Tiktok
444,2026-08-13,donokijenwani,https://vt.tiktok.com/ZS4oQSC7N/,4207,2,0,0,0,Z Fold8,Telkomsel,Clippers,Tiktok
445,2026-08-13,donokijenwani,https://vt.tiktok.com/ZSVegE4oJ/,4016,0,0,1,0,Z Fold8,Telkomsel,Clippers,Tiktok
446,2026-08-13,permanaries0,https://vt.tiktok.com/ZS4oqf69P/,4420,1,0,0,0,Z Fold8,Finance + ,Clippers,Tiktok
447,2026-08-13,dani.sindu,https://vt.tiktok.com/ZSVJTvEg9/,4072,2,0,0,0,Z Fold8,Finance + ,Clippers,Tiktok
448,2026-08-13,azziigemoy,https://vt.tiktok.com/ZSVeGFAaw/,4433,5,0,0,0,Z Fold8,Finance + ,Clippers,Tiktok
449,2026-08-13,permanaries0,https://vt.tiktok.com/ZS4obhPg4/,75153,44,0,2,0,Z Fold8 Ultra,CC,Clippers,Tiktok
450,2026-08-13,dani.sindu,https://vt.tiktok.com/ZSVJTGN6M/,4503,2,0,0,0,Z Fold8 Ultra,CC,Clippers,Tiktok
451,2026-08-13,rahmad.cahyoo,https://vt.tiktok.com/ZS4oQdbE1/,4015,1,0,0,0,Z Fold8 Ultra,Telkomsel,Clippers,Tiktok
452,2026-08-13,permanaries0,https://vt.tiktok.com/ZS4obcccd/,4357,1,0,0,0,Z Fold8 Ultra,Telkomsel,Clippers,Tiktok
453,2026-08-13,dani.sindu,https://vt.tiktok.com/ZSVJw86bv/,4447,4,0,0,0,Z Fold8 Ultra,Telkomsel,Clippers,Tiktok
454,2026-08-13,rahmad.cahyoo,https://vt.tiktok.com/ZS4oQ1Jmg/,4362,1,0,0,0,Z Fold8 Ultra,Telkomsel,Clippers,Tiktok
455,2026-08-13,bagasjayasendiri,https://vt.tiktok.com/ZSVesTJsP/,2014,0,0,0,0,Z Fold8 Ultra,Finance + ,Clippers,Tiktok
456,2026-08-13,GalangAdijayaa,https://youtube.com/shorts/IiqfKFzd6WI?si=aZnpLU-13EH3y99F,859,0,0,0,0,Z Fold8,Finance + ,AI,Youtube
457,2026-08-13,RahmanSasetya,https://youtube.com/shorts/0NlVPB1K_xI?si=y6qFefz9KPV4Sd25,1000,2,0,0,0,Z Fold8,Finance + ,AI,Youtube
458,2026-08-13,Febryanjaya,https://youtube.com/shorts/bKGkNiuhDbE?si=FBCPT0J6ZbKGegO5,912,2,0,0,0,Z Fold8,Finance + ,AI,Youtube
459,2026-08-13,nandaranugrahh,https://youtube.com/shorts/umsa8XrMP9k?si=4ejvLTXg66s3wh3d,909,1,0,0,0,Z Fold8,Finance + ,AI,Youtube
460,2026-08-13,yogibagusbramanto,https://youtube.com/shorts/n8tu-mXdn80?si=kSGAmVHO9CkGXmHz,1112,2,0,0,0,Z Fold8,Finance + ,AI,Youtube
461,2026-08-13,rizkyaditamaa,https://youtube.com/shorts/bTtkVPkNz78?si=Wu6INcb8YG_j1VEt,1100,2,0,0,0,Z Fold8,Finance + ,AI,Youtube
462,2026-08-13,Ariojayaa,https://www.youtube.com/shorts/4daRWu_dHuM,1275,1,0,0,0,Z Fold8,Telkomsel,AI,Youtube
463,2026-08-13,andresugahar,https://youtube.com/shorts/XQw5UTwkw-g?si=qnbhEkbdw9rghxNh,934,2,0,0,0,Z Fold8,Telkomsel,AI,Youtube
464,2026-08-13,Ramaramadannn,https://youtube.com/shorts/xzY_0IPhYYc?si=WDamm46itdbl-0ht,1143,0,0,0,0,Z Fold8,Telkomsel,AI,Youtube
465,2026-08-13,@dasyaabraham,https://youtube.com/shorts/fqJFE0QzECM?si=0rr5Koxi1d8FPtsQ,871,0,0,0,0,Z Fold8,Telkomsel,AI,Youtube
466,2026-08-13,Ariojayaa,https://youtube.com/shorts/w7udaWJvMsw?si=QbUxbNZub1-QPgGI,2191,8,0,0,0,Z Fold8,Telkomsel,AI,Youtube
467,2026-08-13,dwikyramadhann,https://youtube.com/shorts/hQdGIgUqQLA?si=Vb5l7hyIMmG1Xnct,1563,4,0,0,0,Z Fold8,Telkomsel,AI,Youtube
468,2026-08-13,Aansatrioaji,https://youtube.com/shorts/oNBkHchirVs?si=kDw1B1Jbepx9yXhr,1027,4,0,0,0,Z Fold8,Telkomsel,AI,Youtube
469,2026-08-13,soesantoari,https://youtube.com/shorts/SZPxwsk7LR0?si=ibsoda1OPOTz8YBX,902,2,0,0,0,Z Fold8,Telkomsel,AI,Youtube
470,2026-08-13,febrybudi,https://youtube.com/shorts/YnLNoXuZz-c?si=VCbGH0bKX-Okym-h,894,0,0,0,0,Z Fold8,Telkomsel,AI,Youtube
471,2026-08-13,alexsandiii,https://youtube.com/shorts/0zmXqIPm8mY?si=OkLfzQFutJ-zEt8s,1058,3,0,0,0,Z Fold8,Telkomsel,AI,Youtube
472,2026-08-13,Hasanfadlan,https://youtube.com/shorts/tfY9Afj29tE?si=Frf03-1uyWiL43S_,814,0,0,0,0,Z Fold8,Telkomsel,AI,Youtube
473,2026-08-13,dwikyramadhann,https://youtube.com/shorts/89uXqeRXSQk?si=OT7w1yW6QuTucRom,978,2,0,0,0,Z Fold8 Ultra,CC,AI,Youtube
474,2026-08-13,Aansatrioaji,https://youtube.com/shorts/j9ZiETlFGsU?si=sOoU8YO5PnR2H77F,1023,44,0,2,0,Z Fold8 Ultra,CC,AI,Youtube
475,2026-08-13,soesantoari,https://youtube.com/shorts/xgAfqISBWeA?si=a1CH7qVhMXNmYD2i,939,4,0,0,0,Z Fold8 Ultra,CC,AI,Youtube
476,2026-08-13,febrybudi,https://youtube.com/shorts/jz6jBMU3SlE?si=AtnbtfrWjpjivxqW,1082,1,0,0,0,Z Fold8 Ultra,CC,AI,Youtube
477,2026-08-13,alexsandiii,https://youtube.com/shorts/cC5if7fFWIo?si=XDIEbV2MmTRvZP0I,1159,4,0,0,0,Z Fold8 Ultra,CC,AI,Youtube
478,2026-08-13,Hasanfadlan,https://youtube.com/shorts/TGWZey8sWJ0?si=29y8PP19CaygsMKd,1158,4,0,0,0,Z Fold8 Ultra,Finance + ,AI,Youtube
479,2026-08-13,anjassmaraa,https://youtube.com/shorts/fEwArqWfZC0?si=GN5cYwyTygHRIMgz,880,2,0,0,0,Z Fold8 Ultra,Finance + ,AI,Youtube
480,2026-08-13,anjassmaraa,https://youtube.com/shorts/id43ZGXrPQY?si=Dwdl9YF1MRAkNxwr,964,1,0,0,0,Z Fold8 Ultra,Telkomsel,AI,Youtube
481,2026-08-13,GalangAdijayaa,https://youtube.com/shorts/aDWsAFA1UkQ?si=Vie97dDrZFNjevvK,617,1,0,0,0,Z Fold8 Ultra,Telkomsel,AI,Youtube
482,2026-08-13,RahmanSasetya,https://youtube.com/shorts/jy50teqYKvE?si=GNZ0Lo9tUuPIcebB,205,2,0,0,0,Z Fold8 Ultra,Telkomsel,AI,Youtube
483,2026-08-13,Febryanjaya,https://youtube.com/shorts/jp3tT11A1Bc?si=kq1F8OEc6sPs1REy,568,4,0,0,0,Z Fold8 Ultra,Telkomsel,AI,Youtube
484,2026-08-13,nandaranugrahh,https://youtube.com/shorts/TNcjBrfO-5M?si=Yxn3hnZrXrzGcDi_,11,0,0,0,0,Z Fold8 Ultra,Telkomsel,AI,Youtube
